{"cameraMode":{"drawMode":0,"name":"Shaded","section":"Shading Mode"},"sceneLighting":false,"audioPlay":false,"sceneViewState":{"m_AlwaysRefresh":false,"showFog":true,"showSkybox":false,"showFlares":true,"showImageEffects":true,"showParticleSystems":true,"showVisualEffectGraphs":true,"m_FxEnabled":true},"in2DMode":false,"pivot":{"x":0.21744966506958009,"y":0.9698460102081299,"z":0.4783284664154053},"rotation":{"x":0.27011001110076907,"y":-0.16649149358272553,"z":0.04748433083295822,"w":0.9471428990364075},"size":2.644913911819458,"orthographic":false}